refreshtime,houseage,community_name,unitprice,mainarea,title,has_carport,room,floor,area,address,browsenum,price,tag,section_name,houseid,isnew,filename,type,kind,kind_name,shape_name,region_name,photoNum,carttype,cartmodel,is_video,is_full,photo_url,nick_name,housetype,posttime,showhouseage,unit_price,showprice,is_oversea,is_carport,original_price,is_down_price,down_price_percent,is_combine,isvip,is_hurry_price,saletype,delivery,fci_pai,pc_good_house,good_house,mvip,m_recom,user_id,community_link
2小時內,9,北大愛悅,37.93,0,秒殺北大愛悅綠意三房+B1平車-永慶少強,1,3房2廳2衛,4F/13F,37.91,大德路,1522,1438,"['明星學區', '含車位', '有陽台']",三峽區,https://sale.591.com.tw/home/house/detail/2/9274438.html,0,,2,9,住宅,電梯大樓,新北市,15,,,0,0,https://hp2.591.com.tw/house/active/2021/04/22/161905812661034902_208x156.crop.jpg,仲介劉先生,3,1619058458,9年,37.93萬/坪,"1,438",0,0,,0,,0,1,0,0,,,1,1,1,0,1692664,https://market.591.com.tw/10174
15小時內,14,遠雄大學風呂,38.97,0,~遠雄風呂~學勤路溫馨裝潢2房全國謝昌儒,1,2房2廳1衛,17F/19F,37.55,學勤路,116,1463,[],三峽區,https://sale.591.com.tw/home/house/detail/2/9370534.html,0,,2,9,住宅,電梯大樓,新北市,15,,,0,0,https://hp2.591.com.tw/house/active/2021/03/11/161545031970843504_208x156.crop.jpg,仲介謝昌儒,3,1620651069,14年,38.97萬/坪,"1,463",0,0,,0,,0,1,0,1,,,1,1,1,0,735700,https://market.591.com.tw/29828
7分鐘內,11,竹城千代田,38.75,24.31,竹城千代田北歐風精美三房,0,3房2廳2衛,11F/15F,38.66,學府路,1193,1498,"['明星學區', '有陽台', '低公設']",樹林區,https://sale.591.com.tw/home/house/detail/2/9253555.html,0,,2,9,住宅,電梯大樓,新北市,13,,,0,0,https://hp1.591.com.tw/house/active/2021/04/17/161866565818121101_208x156.crop.jpg,屋主黃先生,1,1618666083,11年,38.75萬/坪,"1,498",0,0,,0,,0,1,0,0,,,0,0,0,0,1961113,https://market.591.com.tw/29846
2小時內,15,達人生活,39.98,24.77,精品達人三房車位💕包恩沁(包子),1,3房2廳2衛,13F/15F,40.97,大觀路,52,1638,"['明星學區', '含車位', '低公設']",三峽區,https://sale.591.com.tw/home/house/detail/2/9382262.html,0,,2,9,住宅,電梯大樓,新北市,1,,,0,0,https://hp2.591.com.tw/house/active/2021/05/13/162087294193410903_208x156.crop.png,仲介包恩沁,3,1620872958,15年,39.98萬/坪,"1,638",0,0,,0,,0,1,0,0,,,0,0,1,0,821613,https://market.591.com.tw/36812
4小時內,1,北大極,39.64,17,＿北大稀有景觀校園兩房車,1,2房2廳2衛,3F/13F,39.56,大學路,67,1568,"['明星學區', '含車位', '有陽台']",三峽區,https://sale.591.com.tw/home/house/detail/2/9352071.html,0,,2,9,住宅,電梯大樓,新北市,0,,,0,0,https://images.591.com.tw/index/house/newVersion/noImgBigNew.png,仲介呂小姐,3,1620367896,1年,39.64萬/坪,"1,568",0,0,,0,,0,1,0,0,,,0,0,0,0,1215975,
11分鐘內,0,北大極,37.07,15.32,（預售）北大極寧靜２房(專約),1,2房2廳2衛,6F/13F,36.58,大學路,131,1356,['含車位'],三峽區,https://sale.591.com.tw/home/house/detail/2/9315359.html,0,,2,9,住宅,電梯大樓,新北市,0,,,0,0,https://images.591.com.tw/index/house/newVersion/noImgBigNew.png,仲介簡先生,3,1619755209,不詳,37.07萬/坪,"1,356",0,0,,0,,0,0,0,0,,,0,0,0,0,1442803,
17分鐘內,15,遠雄大學風呂,38.98,16.43,遠雄風呂高樓採光2房車💒大家郭品萱,1,2房2廳1衛,17F/19F,37.53,學勤路,163,1463,"['含車位', '有陽台']",樹林區,https://sale.591.com.tw/home/house/detail/2/9245388.html,0,,2,9,住宅,電梯大樓,新北市,8,,,0,0,https://hp1.591.com.tw/house/active/2021/04/16/161854985890699704_208x156.crop.jpg,仲介郭小姐,3,1618550378,15年,38.98萬/坪,"1,463",0,0,,0,,0,0,0,0,,,0,0,0,0,2597260,https://market.591.com.tw/29828
17分鐘內,15,遠雄大學風呂,38.98,16.43,遠雄風呂高樓採光2房車💒大家郭品萱,1,2房2廳1衛,17F/19F,37.53,學勤路,163,1463,"['含車位', '有陽台']",樹林區,https://sale.591.com.tw/home/house/detail/2/9245388.html,0,,2,9,住宅,電梯大樓,新北市,8,,,0,0,https://hp1.591.com.tw/house/active/2021/04/16/161854985890699704_208x156.crop.jpg,仲介郭小姐,3,1618550378,15年,38.98萬/坪,"1,463",0,0,,0,,0,0,0,0,,,0,0,0,0,2597260,https://market.591.com.tw/29828
17分鐘內,12,萬寶隆,36.82,0,輕鬆買房找小丁/萬寶隆裝潢3房/本週必賣,0,3房2廳2衛,4F/18F,43.4,大義路,16,1598,['有陽台'],三峽區,https://sale.591.com.tw/home/house/detail/2/9390880.html,1,,2,9,住宅,電梯大樓,新北市,11,,,0,0,https://hp1.591.com.tw/house/active/2021/05/14/162098372053924405_208x156.crop.jpg,仲介丁全豐,3,1620983782,12年,36.82萬/坪,"1,598",0,0,,0,,0,0,0,0,,,0,0,0,0,546917,https://market.591.com.tw/23716
22分鐘內,12,遠雄大學哈佛,46.15,18.92,永慶宥彤🌸專約★哈佛美景好屋二房🌸,0,2房2廳1衛,21F/27F,30.29,學勤路,90,1398,"['明星學區', '重劃區']",樹林區,https://sale.591.com.tw/home/house/detail/2/9312468.html,0,,2,9,住宅,電梯大樓,新北市,9,,,0,0,https://hp1.591.com.tw/house/active/2021/04/29/161968722354458800_208x156.crop.jpg,仲介林宥彤(彤彤),3,1619687483,12年,46.15萬/坪,"1,398",0,0,,0,,0,0,0,0,,,0,0,0,0,78657,https://market.591.com.tw/29843
22分鐘內,12,遠雄大學哈佛,46.15,18.92,有巢福展~專約哈佛景觀美二房,0,2房2廳1衛,21F/27F,30.29,學勤路,164,1398,['有陽台'],樹林區,https://sale.591.com.tw/home/house/detail/2/9251890.html,0,,2,9,住宅,電梯大樓,新北市,9,,,0,0,https://hp1.591.com.tw/house/active/2021/04/17/161864585407267900_208x156.crop.jpg,仲介徐福展,3,1618645889,12年,46.15萬/坪,"1,398",0,0,,0,,0,0,0,0,,,0,0,0,0,379061,https://market.591.com.tw/29843
27分鐘內,0,北大極、北大隱,54.49,15.32,永慶宥彤🌸專約-《預售屋》二房平車,1,2房2廳2衛,6F/13F,36.58,大學路,137,1356,"['含車位', '有陽台']",三峽區,https://sale.591.com.tw/home/house/detail/2/9312889.html,0,,2,9,住宅,電梯大樓,新北市,3,,,0,0,https://hp2.591.com.tw/house/active/2021/04/29/161969086659518907_208x156.crop.jpg,仲介林宥彤(彤彤),3,1619690989,1個月,54.49萬/坪,"1,356",0,0,,0,,0,0,0,0,,,0,0,0,0,78657,
32分鐘內,9,北大愛悅,37.93,18.26,北大三房平車@前後陽台@小巢團隊婉玲,1,3房2廳2衛,4F/13F,37.91,大德路,385,1438,"['明星學區', '含車位', '有陽台']",三峽區,https://sale.591.com.tw/home/house/detail/2/9253229.html,0,,2,9,住宅,電梯大樓,新北市,12,,,0,0,https://hp1.591.com.tw/house/active/2021/04/17/161866099543804508_208x156.crop.jpg,仲介黃婉玲,3,1618661053,9年,37.93萬/坪,"1,438",0,0,,0,,0,0,0,0,,,0,0,0,0,1108317,https://market.591.com.tw/10174
32分鐘內,12,萬寶隆,34.28,0,萬寶隆溫馨成家二房💖太平洋~賀淑霞💖,1,2房2廳1衛,2F/19F,38.74,大義路,305,1328,['含車位'],三峽區,https://sale.591.com.tw/home/house/detail/2/9114046.html,0,,2,9,住宅,電梯大樓,新北市,9,,,0,0,https://hp2.591.com.tw/house/active/2021/03/21/161631303588900709_208x156.crop.jpg,仲介賀小姐,3,1616313057,12年,34.28萬/坪,"1,328",0,0,,0,,0,0,0,0,,,0,0,0,0,68353,https://market.591.com.tw/23716
37分鐘內,12,萬寶隆,36.82,27.17,萬寶隆梅街景觀前後陽台三房,0,3房2廳2衛,4F/18F,43.4,大義路,28,1598,['有陽台'],三峽區,https://sale.591.com.tw/home/house/detail/2/9380553.html,0,,2,9,住宅,電梯大樓,新北市,13,,,0,0,https://hp2.591.com.tw/house/active/2021/05/12/162081343674114704_208x156.crop.jpg,仲介塗雅惠,3,1620867872,12年,36.82萬/坪,"1,598",0,0,,0,,0,0,0,0,,,0,0,0,0,1632208,https://market.591.com.tw/23716
37分鐘內,9,北大愛悅,42.59,12.39,近台北大學愛悅臻愛2房車,1,2房1廳1衛,11F/14F,25.36,大德路,149,1080,"['明星學區', '含車位', '有陽台']",三峽區,https://sale.591.com.tw/home/house/detail/2/9336533.html,0,,2,9,住宅,電梯大樓,新北市,12,,,0,0,https://hp2.591.com.tw/house/active/2021/05/04/162011685756955505_208x156.crop.jpg,仲介塗雅惠,3,1620148895,9年,42.59萬/坪,"1,080",0,0,,0,,0,0,0,0,,,0,0,0,0,1632208,https://market.591.com.tw/10174
37分鐘內,12,遠雄大學哈佛,46.15,18.92,哈佛好屋況#稀有美2房#,0,2房2廳1衛,21F/27F,30.29,學勤路,170,1398,['明星學區'],三峽區,https://sale.591.com.tw/home/house/detail/2/9327176.html,0,,2,9,住宅,電梯大樓,新北市,9,,,0,0,https://hp2.591.com.tw/house/active/2021/05/02/161995737706689707_208x156.crop.jpg,仲介塗雅惠,3,1620149097,12年,46.15萬/坪,"1,398",0,0,,0,,0,0,0,0,,,0,0,0,0,1632208,https://market.591.com.tw/29843
47分鐘內,12,遠雄大學哈佛,46.15,18.92,遠雄哈佛好屋況稀有景觀二房,0,2房2廳1衛,21F/27F,30.29,學勤路,215,1398,['有陽台'],樹林區,https://sale.591.com.tw/home/house/detail/2/9253811.html,0,,2,9,住宅,電梯大樓,新北市,9,,,0,0,https://hp2.591.com.tw/house/active/2021/04/18/161867799873258202_208x156.crop.jpg,仲介施小姐,3,1618678053,12年,46.15萬/坪,"1,398",0,0,,0,,0,0,0,0,,,0,0,0,0,1251517,https://market.591.com.tw/29843
47分鐘內,9,北大愛悅,42.59,12.39,北大愛悅高樓低總價2房車,1,2房2廳1衛,11F/14F,25.36,大德路,331,1080,"['含車位', '有陽台']",三峽區,https://sale.591.com.tw/home/house/detail/2/9266869.html,0,,2,9,住宅,電梯大樓,新北市,9,,,0,0,https://hp1.591.com.tw/house/active/2021/04/20/161890856320731807_208x156.crop.jpg,仲介鄭先生,3,1618908652,9年,42.59萬/坪,"1,080",0,0,,0,,0,0,0,0,,,0,0,0,0,2709038,https://market.591.com.tw/10174
52分鐘內,0,北大極,37.07,0,一流地段早鳥價預售中,1,2房2廳2衛,6F/13F,36.58,大學路,183,1356,"['含車位', '有陽台', '重劃區']",三峽區,https://sale.591.com.tw/home/house/detail/2/9315242.html,0,,2,9,住宅,電梯大樓,新北市,15,,,0,0,https://hp2.591.com.tw/house/active/2021/04/30/161975443999591607_208x156.crop.jpg,仲介曾小姐,3,1619754305,不詳,37.07萬/坪,"1,356",0,0,,0,,0,0,0,0,,,0,0,0,0,1055406,
52分鐘內,0,北大極,50.18,0,邊間面北大校園預售案2房2廁2陽台稀有出,1,2房2廳2衛,3F/13F,39.56,大學路,141,1568,"['含車位', '有陽台', '重劃區']",三峽區,https://sale.591.com.tw/home/house/detail/2/9305174.html,0,,2,9,住宅,電梯大樓,新北市,12,,,0,0,https://hp1.591.com.tw/house/active/2021/04/28/161958430419777907_208x156.crop.jpg,仲介曾小姐,3,1619580997,不詳,50.18萬/坪,"1,568",0,0,,0,,0,0,0,0,,,0,0,0,0,1055406,
2小時內,0,北大極,41.15,16.35,🌝三峽北大王峰🌝北大極燙金景觀兩房,1,2房2廳2衛,8F/13F,39.56,大學路,40,1628,"['含車位', '有陽台']",三峽區,https://sale.591.com.tw/home/house/detail/2/9379396.html,0,,2,9,住宅,電梯大樓,新北市,1,,,0,0,https://hp1.591.com.tw/house/active/2021/05/12/162080520973022508_208x156.crop.jpg,仲介王先生,3,1620804830,1個月,41.15萬/坪,"1,628",0,0,,0,,0,0,0,0,,,0,0,0,0,2679220,
2小時內,13,萬寶隆,36.82,27.17,萬寶隆前後陽台三房☆小巢希望團隊大耳朵☆,0,3房2廳2衛,4F/18F,43.4,大義路,74,1598,['有陽台'],三峽區,https://sale.591.com.tw/home/house/detail/2/9374480.html,0,,2,9,住宅,電梯大樓,新北市,11,,,0,0,https://hp1.591.com.tw/house/active/2021/05/11/162072148896160207_208x156.crop.jpg,仲介秦先生,3,1620721540,13年,36.82萬/坪,"1,598",0,0,,0,,0,0,0,0,,,0,0,0,0,709118,https://market.591.com.tw/23716
2小時內,0,北大極,43.28,0,【北大極】景觀兩房,1,3房2廳2衛,10F/13F,39.56,大學路,109,1712,"['明星學區', '含車位']",三峽區,https://sale.591.com.tw/home/house/detail/2/9353423.html,0,,2,9,住宅,電梯大樓,新北市,5,,,0,0,https://hp2.591.com.tw/house/active/2021/05/07/162037574034565800_208x156.crop.jpg,仲介陳小姐,3,1620375764,不詳,43.28萬/坪,"1,712",0,0,,0,,0,0,0,0,,,0,0,0,0,1156276,
2小時內,0,北大極,41.15,0,【北大極】景觀兩房,1,2房2廳1衛,8F/13F,39.56,大學路,70,1628,"['明星學區', '含車位']",三峽區,https://sale.591.com.tw/home/house/detail/2/9353391.html,0,,2,9,住宅,電梯大樓,新北市,6,,,0,0,https://hp2.591.com.tw/house/active/2021/05/07/162037558607491800_208x156.crop.jpg,仲介陳小姐,3,1620375607,不詳,41.15萬/坪,"1,628",0,0,,0,,0,0,0,0,,,0,0,0,0,1156276,
2小時內,0,北大極,43.28,0,★北大極★景觀兩房~台灣房屋北大大學店~,1,2房2廳1衛,10F/13F,39.56,大學路,73,1712,"['明星學區', '含車位']",三峽區,https://sale.591.com.tw/home/house/detail/2/9353285.html,0,,2,9,住宅,電梯大樓,新北市,5,,,0,0,https://hp2.591.com.tw/house/active/2021/05/07/162037505537852303_208x156.crop.jpg,仲介台灣房屋三峽大學店,3,1620375089,不詳,43.28萬/坪,"1,712",0,0,,0,,0,0,0,0,,,0,0,0,0,1156276,
2小時內,4,將捷MIT,51.8,16.5,將捷高樓美裝1+1房~有巢氏房屋~詹春生,1,2房1廳1衛,14F/14F,38.69,大學路,111,1630,"['含車位', '有陽台', '重劃區']",三峽區,https://sale.591.com.tw/home/house/detail/2/9362858.html,0,,2,9,住宅,電梯大樓,新北市,8,,,0,0,https://hp1.591.com.tw/house/active/2021/05/10/162062319669493648_208x156.crop.jpg,仲介詹先生,3,1620544203,4年,51.8萬/坪,"1,630",0,0,,0,,0,0,0,0,,,0,0,0,0,731859,https://market.591.com.tw/36833
2小時內,0,北大極,41.15,0,★北大極★景觀兩房~台灣房屋北大大學店~,1,2房2廳1衛,8F/13F,39.56,大學路,52,1628,"['明星學區', '含車位']",三峽區,https://sale.591.com.tw/home/house/detail/2/9353250.html,0,,2,9,住宅,電梯大樓,新北市,6,,,0,0,https://hp2.591.com.tw/house/active/2021/05/07/162037475894402709_208x156.crop.jpg,仲介台灣房屋三峽大學店,3,1620374819,不詳,41.15萬/坪,"1,628",0,0,,0,,0,0,0,0,,,0,0,0,0,1156276,
2小時內,0,北大極,54.99,16.35,☀️北大極10樓☀️兩房兩廳雙衛浴-A1,1,2房2廳2衛,10F/13F,39.56,大學路,66,1712,"['含車位', '有陽台']",三峽區,https://sale.591.com.tw/home/house/detail/2/9368318.html,0,,2,9,住宅,電梯大樓,新北市,4,,,0,0,https://hp2.591.com.tw/house/active/2021/05/10/162063374260977002_208x156.crop.jpg,仲介阿海,3,1620633919,1個月,54.99萬/坪,"1,712",0,0,,0,,0,0,0,0,,,0,0,0,0,1729485,
2小時內,12,遠雄大學哈佛,46.15,0,✓小千○遠雄哈佛高樓層山景二房,0,2房2廳1衛,21F/27F,30.29,學勤路,165,1398,"['明星學區', '有陽台', '重劃區']",樹林區,https://sale.591.com.tw/home/house/detail/2/9314215.html,0,,2,9,住宅,電梯大樓,新北市,14,,,0,0,https://hp1.591.com.tw/house/active/2021/05/03/162000795777052507_208x156.crop.jpg,仲介甄小姐,3,1619744745,12年,46.15萬/坪,"1,398",0,0,,0,,0,0,0,0,,,0,0,0,0,927165,https://market.591.com.tw/29843
2小時內,12,萬寶隆,36.82,27.17,梅街景觀三房【小巢希望團隊陳建宏】,0,3房2廳2衛,4F/18F,43.4,大義路,33,1598,['有陽台'],三峽區,https://sale.591.com.tw/home/house/detail/2/9376774.html,0,,2,9,住宅,電梯大樓,新北市,12,,,0,0,https://hp1.591.com.tw/house/active/2021/05/12/162078235890196301_208x156.crop.jpg,仲介陳先生,3,1620782385,12年,36.82萬/坪,"1,598",0,0,,0,,0,0,0,0,,,0,0,0,0,814977,https://market.591.com.tw/23716
2小時內,15,遠雄大學風呂,38.97,16.44,稀有高樓層~!遠雄風呂採光二房,1,2房2廳1衛,17F/19F,37.54,學勤路,341,1463,"['明星學區', '含車位', '重劃區']",樹林區,https://sale.591.com.tw/home/house/detail/2/9246361.html,0,,2,9,住宅,電梯大樓,新北市,10,,,0,0,https://hp2.591.com.tw/house/active/2021/04/16/161855727161258504_208x156.crop.jpg,仲介王先生,3,1618557528,15年,38.97萬/坪,"1,463",0,0,,0,,0,0,0,0,,,0,0,0,0,3028271,https://market.591.com.tw/29828
2小時內,12,萬寶隆,36.82,27.17,梅街景觀三房【小巢希望團隊陳建宏】,0,3房2廳2衛,4F/18F,43.4,大義路,33,1598,['有陽台'],三峽區,https://sale.591.com.tw/home/house/detail/2/9376774.html,0,,2,9,住宅,電梯大樓,新北市,12,,,0,0,https://hp1.591.com.tw/house/active/2021/05/12/162078235890196301_208x156.crop.jpg,仲介陳先生,3,1620782385,12年,36.82萬/坪,"1,598",0,0,,0,,0,0,0,0,,,0,0,0,0,814977,https://market.591.com.tw/23716
2小時內,9,北大愛悅,37.93,18.26,愛悅中庭綠意三房+平面車位,1,3房1廳2衛,3F/13F,37.91,大德路,274,1438,"['含車位', '有陽台']",三峽區,https://sale.591.com.tw/home/house/detail/2/9257151.html,0,,2,9,住宅,電梯大樓,新北市,12,,,0,0,https://hp1.591.com.tw/house/active/2021/04/20/161892334777536205_208x156.crop.jpg,仲介施小姐,3,1618761307,9年,37.93萬/坪,"1,438",0,0,,0,,0,0,0,0,,,0,0,0,0,1251517,https://market.591.com.tw/10174
2小時內,9,北大愛悅,41.9,12.39,北大愛悅小資二房⭐️福星⭐️小巢希望團隊,1,2房1廳1衛,11F/14F,25.36,大德路,235,1080,"['含車位', '有陽台']",三峽區,https://sale.591.com.tw/home/house/detail/2/9282133.html,0,,2,9,住宅,電梯大樓,新北市,12,,,0,0,https://hp1.591.com.tw/house/active/2021/04/23/161916407788713406_208x156.crop.jpg,仲介鄭小姐,3,1619164343,9年,41.9萬/坪,"1,080",0,0,,0,,0,0,0,0,,,0,0,0,0,3220267,https://market.591.com.tw/10174
2小時內,12,遠雄大學哈佛,46.15,18.92,哈佛💗稀有美景二房💗有巢大學,0,2房2廳1衛,21F/27F,30.29,學勤路,126,1398,['有陽台'],樹林區,https://sale.591.com.tw/home/house/detail/2/9306803.html,0,,2,9,住宅,電梯大樓,新北市,8,,,0,0,https://hp2.591.com.tw/house/active/2021/04/28/161959566078889505_208x156.crop.jpg,仲介值班人員,3,1619595838,12年,46.15萬/坪,"1,398",0,0,,0,,0,0,0,0,,,0,0,0,0,546917,https://market.591.com.tw/29843
2小時內,3,將捷MIT,42.15,16.49,➽➽➽➽➽➽將捷MIT兩房車,1,2房2廳1衛,11F/14F,38.62,大學路,173,1628,"['含車位', '有陽台']",三峽區,https://sale.591.com.tw/home/house/detail/2/9316739.html,0,,2,9,住宅,電梯大樓,新北市,4,,,0,0,https://hp1.591.com.tw/house/active/2021/04/30/161976814185262103_208x156.crop.jpg,仲介陳小姐,3,1619768214,3年,42.15萬/坪,"1,628",0,0,,0,,0,0,0,0,,,0,0,0,0,2542247,https://market.591.com.tw/36833
3小時內,12,遠雄大學哈佛,46.15,18.92,哈佛美景兩房☆小巢希望團隊大耳朵☆,0,2房2廳1衛,21F/27F,30.29,學勤路,12,1398,['有陽台'],樹林區,https://sale.591.com.tw/home/house/detail/2/9393073.html,1,,2,9,住宅,電梯大樓,新北市,8,,,0,0,https://hp1.591.com.tw/house/active/2021/05/15/162100866991503107_208x156.crop.jpg,仲介秦先生,3,1621006416,12年,46.15萬/坪,"1,398",0,0,,0,,0,0,0,0,,,0,0,0,0,709118,https://market.591.com.tw/29843
3小時內,0,北大極,41.15,16.35,【台灣房屋大義店】北大極面大學二房,1,2房2廳2衛,8F/13F,39.56,大學路,26,1628,"['含車位', '有陽台']",三峽區,https://sale.591.com.tw/home/house/detail/2/9379324.html,0,,2,9,住宅,電梯大樓,新北市,10,,,0,0,https://hp1.591.com.tw/house/active/2021/05/12/162080439338717109_208x156.crop.jpg,仲介台灣房屋大義店,3,1620804406,1個月,41.15萬/坪,"1,628",0,0,,0,,0,0,0,0,,,0,0,0,0,901357,
3小時內,11,北大愛悅,41.89,12.39,✨愛悅🏡喜樂泉源兩房,1,2房1廳,11F/14F,25.36,大德路,669,1080,"['含車位', '有陽台', '低公設']",三峽區,https://sale.591.com.tw/home/house/detail/2/9233755.html,0,,2,9,住宅,電梯大樓,新北市,9,,,0,0,https://hp1.591.com.tw/house/active/2021/04/20/161890689420995507_208x156.crop.jpg,仲介盧小姐,3,1618365258,11年,41.89萬/坪,"1,080",0,0,,0,,0,0,0,0,,,0,0,0,0,2546792,https://market.591.com.tw/10174
3小時內,12,萬寶隆,36.82,27.17,萬寶隆梅街景觀前後陽台雙衛開窗美三房,0,3房2廳2衛,4F/18F,43.4,大義路,51,1598,['有陽台'],三峽區,https://sale.591.com.tw/home/house/detail/2/9373832.html,0,,2,9,住宅,電梯大樓,新北市,13,,,0,0,https://hp2.591.com.tw/house/active/2021/05/11/162071722404483107_208x156.crop.jpg,仲介謝先生,3,1620717553,12年,36.82萬/坪,"1,598",0,0,,0,,0,0,0,0,,,0,0,0,0,1366738,https://market.591.com.tw/23716
3小時內,14,遠雄大學風呂,38.97,0,小家庭最佳首選美兩房--大家大雅阿聰,1,2房2廳1衛,17F/19F,37.54,學勤路,157,1463,"['含車位', '有陽台']",樹林區,https://sale.591.com.tw/home/house/detail/2/9246373.html,0,,2,9,住宅,電梯大樓,新北市,13,,,0,0,https://hp2.591.com.tw/house/active/2021/04/16/161855747756794101_208x156.crop.jpg,仲介鄭先生,3,1618557584,14年,38.97萬/坪,"1,463",0,0,,0,,0,0,0,0,,,0,0,0,0,2907554,https://market.591.com.tw/29828
3小時內,1,將捷MIT,51.8,16.5,將捷高樓美裝1+1房~有巢氏房屋~詹春生,1,2房1廳1衛,14F/14F,38.69,大學路,62,1630,"['含車位', '有陽台', '重劃區']",三峽區,https://sale.591.com.tw/home/house/detail/2/9362963.html,0,,2,9,住宅,電梯大樓,新北市,8,,,0,0,https://hp1.591.com.tw/house/active/2021/05/09/162054838435752709_208x156.crop.jpg,仲介詹先生,3,1620545447,1年,51.8萬/坪,"1,630",0,0,,0,,0,0,0,0,,,0,0,0,0,731859,https://market.591.com.tw/36833
3小時內,0,北大極,43.28,16.35,【台灣房屋大義店】北大極景觀二房,1,2房2廳2衛,10F/13F,39.56,大學路,25,1712,"['含車位', '有陽台']",三峽區,https://sale.591.com.tw/home/house/detail/2/9379217.html,0,,2,9,住宅,電梯大樓,新北市,9,,,0,0,https://hp1.591.com.tw/house/active/2021/05/12/162080359690496905_208x156.crop.jpg,仲介台灣房屋大義店,3,1620803629,1個月,43.28萬/坪,"1,712",0,0,,0,,0,0,0,0,,,0,0,0,0,901357,
3小時內,0,北大極,40.66,0,🌟北大豪豪🌟極美🌟學校第一排,1,2房2廳2衛,13F/13F,36.6,大學路,118,1488,"['明星學區', '含車位', '重劃區']",三峽區,https://sale.591.com.tw/home/house/detail/2/9357534.html,0,,2,9,住宅,電梯大樓,新北市,3,,,0,0,https://hp1.591.com.tw/house/active/2021/05/08/162044465379781603_208x156.crop.jpg,仲介詹先生,3,1620444787,不詳,40.66萬/坪,"1,488",0,0,,0,,0,0,0,0,,,0,0,0,0,963355,
3小時內,14,遠雄大學風呂,38.97,0,🌟北大豪豪🌟兩房風呂稀有釋出,1,2房2廳1衛,17F/19F,37.54,學勤路,193,1463,['含車位'],樹林區,https://sale.591.com.tw/home/house/detail/2/9240470.html,0,,2,9,住宅,電梯大樓,新北市,6,,,0,0,https://hp1.591.com.tw/house/active/2021/04/15/161846763730373700_208x156.crop.jpg,仲介詹先生,3,1618467646,14年,38.97萬/坪,"1,463",0,0,,0,,0,0,0,0,,,0,0,0,0,963355,https://market.591.com.tw/29828
3小時內,9,北大愛悅,35.73,21.47,北大愛悅溫馨兩房⭐️福星⭐️小巢希望團隊,1,2房2廳2衛,2F/13F,42.3,大德路,176,1498,['含車位'],三峽區,https://sale.591.com.tw/home/house/detail/2/9281484.html,0,,2,9,住宅,電梯大樓,新北市,13,,,0,0,https://hp2.591.com.tw/house/active/2021/04/23/161915998895578900_208x156.crop.jpg,仲介鄭小姐,3,1619160013,9年,35.73萬/坪,"1,498",0,0,,0,,0,0,0,0,,,0,0,0,0,3220267,https://market.591.com.tw/10174
4小時內,15,遠雄大學風呂,38.96,0,🍎大學風呂🍎中信房屋三鶯團隊🍎,1,2房1廳1衛,17F/19F,37.55,學勤路,139,1463,['含車位'],樹林區,https://sale.591.com.tw/home/house/detail/2/9265534.html,0,,2,9,住宅,電梯大樓,新北市,7,,,0,0,https://hp1.591.com.tw/house/active/2021/04/20/161890022937184102_208x156.crop.jpg,仲介值班人員,3,1618900264,15年,38.96萬/坪,"1,463",0,0,,0,,0,0,0,0,,,0,0,0,0,1162350,https://market.591.com.tw/29828
4小時內,11,遠雄耶魯,35.86,18.75,耶魯溫馨裝潢2房附平面車位,1,2房1廳1衛,10F/25F,41.5,學勤路,262,1488,"['明星學區', '含車位', '有陽台']",三峽區,https://sale.591.com.tw/home/house/detail/2/9281388.html,0,,2,9,住宅,電梯大樓,新北市,12,,,0,0,https://hp2.591.com.tw/house/active/2021/04/23/161915921750458109_208x156.crop.jpg,仲介蔡小姐,3,1619159274,11年,35.86萬/坪,"1,488",0,0,,0,,0,0,0,0,,,0,0,0,0,548668,https://market.591.com.tw/23737
4小時內,11,遠雄耶魯,45.07,18.75,北大耶魯兩房車位⭐️福星⭐️小巢希望團隊,1,2房2廳1衛,10F/25F,41.5,學勤路,160,1488,['含車位'],三峽區,https://sale.591.com.tw/home/house/detail/2/9281320.html,0,,2,9,住宅,電梯大樓,新北市,14,,,0,0,https://hp2.591.com.tw/house/active/2021/04/23/161915871784646103_208x156.crop.jpg,仲介鄭小姐,3,1619158739,11年,45.07萬/坪,"1,488",0,0,,0,,0,0,0,0,,,0,0,0,0,3220267,https://market.591.com.tw/23737
4小時內,15,遠雄大學風呂,38.96,16.44,【台灣大義店王秋燕】風呂美裝二房,1,2房1廳1衛,17F/19F,37.55,學勤路,124,1463,"['含車位', '有陽台']",樹林區,https://sale.591.com.tw/home/house/detail/2/9300739.html,0,,2,9,住宅,電梯大樓,新北市,10,,,0,0,https://hp1.591.com.tw/house/active/2021/04/27/161950363483260702_208x156.crop.jpg,仲介台灣大義店王秋燕,3,1619503659,15年,38.96萬/坪,"1,463",0,0,,0,,0,0,0,0,,,0,0,0,0,901357,https://market.591.com.tw/29828
4小時內,15,遠雄大學風呂,38.96,16.44,【台灣房屋大義店】風呂美裝二房,1,2房1廳1衛,17F/19F,37.55,學勤路,106,1463,"['含車位', '有陽台']",樹林區,https://sale.591.com.tw/home/house/detail/2/9295264.html,0,,2,9,住宅,電梯大樓,新北市,10,,,0,0,https://hp2.591.com.tw/house/active/2021/04/26/161941624034489401_208x156.crop.jpg,仲介台灣房屋大義店,3,1619416586,15年,38.96萬/坪,"1,463",0,0,,0,,0,0,0,0,,,0,0,0,0,901357,https://market.591.com.tw/29828
4小時內,11,遠雄耶魯,35.86,18.75,北大大學耶魯兩房+車位-永慶梁芳源,1,2房1廳1衛,10F/25F,41.5,學勤路,214,1488,"['含車位', '有陽台']",三峽區,https://sale.591.com.tw/home/house/detail/2/9268567.html,0,,2,9,住宅,電梯大樓,新北市,12,,,0,0,https://hp1.591.com.tw/house/active/2021/04/21/161898816716926602_208x156.crop.jpg,仲介梁芳源,3,1618926026,11年,35.86萬/坪,"1,488",0,0,,0,,0,0,0,0,,,0,0,0,0,201407,https://market.591.com.tw/23737
5小時內,14,遠雄大學風呂,38.97,16.44,風呂美裝二房+平面車位-永慶梁芳源,1,2房1廳1衛,17F/19F,37.55,學勤路,141,1463,"['含車位', '有陽台']",樹林區,https://sale.591.com.tw/home/house/detail/2/9268552.html,0,,2,9,住宅,電梯大樓,新北市,13,,,0,0,https://hp1.591.com.tw/house/active/2021/04/23/161916017195223600_208x156.crop.jpg,仲介梁芳源,3,1618925599,14年,38.97萬/坪,"1,463",0,0,,0,,0,0,0,0,,,0,0,0,0,201407,https://market.591.com.tw/29828
5小時內,12,萬寶隆,36.82,27.17,北大萬寶隆◑稀有前後陽台景觀大空間三房,0,3房2廳2衛,4F/18F,43.4,大義路,75,1598,"['明星學區', '有陽台', '製震宅']",三峽區,https://sale.591.com.tw/home/house/detail/2/9378499.html,0,,2,9,住宅,電梯大樓,新北市,14,,,0,0,https://hp1.591.com.tw/house/active/2021/05/12/162080017390227501_208x156.crop.jpg,仲介林家鈺（小家）,3,1620797473,12年,36.82萬/坪,"1,598",0,0,,0,,0,0,0,0,,,0,0,0,0,1308758,https://market.591.com.tw/23716
5小時內,15,遠雄大學風呂,50.81,16.44,【大家房屋小東】風呂美裝兩房,1,2房2廳1衛,17F/19F,37.54,學勤路,232,1463,['含車位'],三峽區,https://sale.591.com.tw/home/house/detail/2/9268539.html,0,,2,9,住宅,電梯大樓,新北市,7,,,0,0,https://hp1.591.com.tw/house/active/2021/04/20/161892531388883803_208x156.crop.jpg,仲介林先生,3,1618925363,15年,50.81萬/坪,"1,463",0,0,,0,,0,0,0,0,,,0,0,0,0,2914099,https://market.591.com.tw/29828
5小時內,12,遠雄大學哈佛,48.13,18.92,哈佛好屋況稀有美景二房-永慶梁芳源,0,2房1廳1衛,21F/27F,30.29,學勤路,157,1458,['有陽台'],樹林區,https://sale.591.com.tw/home/house/detail/2/9268505.html,0,,2,9,住宅,電梯大樓,新北市,9,,,0,0,https://hp1.591.com.tw/house/active/2021/04/23/161916321521554401_208x156.crop.jpg,仲介梁芳源,3,1618924805,12年,48.13萬/坪,"1,458",0,0,,0,,0,0,0,0,,,0,0,0,0,201407,https://market.591.com.tw/29843
5小時內,0,北大極,39.64,16.35,預售)北大極校園景致美兩房~有巢氏徐仁君,1,2房2廳2衛,3F/13F,39.56,大學路,164,1568,"['含車位', '有陽台', '重劃區']",三峽區,https://sale.591.com.tw/home/house/detail/2/9305708.html,0,,2,9,住宅,電梯大樓,新北市,3,,,0,0,https://hp1.591.com.tw/house/active/2021/04/28/161958653520914003_208x156.crop.jpg,代理人徐先生,2,1619586695,1個月,39.64萬/坪,"1,568",0,0,,0,,0,0,0,0,,,0,0,0,0,58205,
5小時內,15,達人生活,39.99,0,達人生活三房～全國游子筠,1,3房2廳2衛,13F/15F,40.96,大觀路,31,1638,"['明星學區', '含車位', '有陽台']",三峽區,https://sale.591.com.tw/home/house/detail/2/9381347.html,0,,2,9,住宅,電梯大樓,新北市,0,,,0,0,https://images.591.com.tw/index/house/newVersion/noImgBigNew.png,仲介游小姐,3,1620825145,15年,39.99萬/坪,"1,638",0,0,,0,,0,0,0,0,,,0,0,0,0,706434,https://market.591.com.tw/36812
5小時內,0,北大極,48.43,0,輕鬆買房找小丁/北大極稀有2房車/預售屋,1,2房2廳2衛,6F/13F,36.5,大學路,199,1356,"['含車位', '有陽台']",三峽區,https://sale.591.com.tw/home/house/detail/2/9308645.html,0,,2,9,住宅,電梯大樓,新北市,2,,,0,0,https://hp2.591.com.tw/house/active/2021/04/28/161961370557239804_208x156.crop.jpg,仲介丁全豐,3,1619613827,不詳,48.43萬/坪,"1,356",0,0,,0,,0,0,0,0,,,0,0,0,0,546917,
6小時內,14,上北大,37.56,0,太平洋－宇佳🌸獨賣上北大景觀三房🌸,1,3房2廳2衛,9F/14F,50.05,大觀路,62,1880,"['含車位', '有陽台']",三峽區,https://sale.591.com.tw/home/house/detail/2/9383260.html,0,,2,9,住宅,電梯大樓,新北市,15,,,0,0,https://hp2.591.com.tw/house/active/2021/05/13/162087980518968807_208x156.crop.jpg,仲介徐小姐,3,1620879984,14年,37.56萬/坪,"1,880",0,0,,0,,0,0,0,0,,,0,0,0,0,343530,https://market.591.com.tw/28416
6小時內,9,北大愛悅,39.22,0,輕鬆買房找小丁/愛悅樂活2房車/本週必賣,1,2房1廳1衛,11F/14F,25.36,大德路,200,1120,"['含車位', '有陽台']",三峽區,https://sale.591.com.tw/home/house/detail/2/9308527.html,0,,2,9,住宅,電梯大樓,新北市,9,,,0,0,https://hp2.591.com.tw/house/active/2021/04/28/161961190299317604_208x156.crop.jpg,仲介丁全豐,3,1619611958,9年,39.22萬/坪,"1,120",0,0,,0,,0,0,0,0,,,0,0,0,0,546917,https://market.591.com.tw/10174
6小時內,12,遠雄大學哈佛,46.15,18.92,婕睿推薦❤哈佛好屋況稀有美景二房,0,2房2廳1衛,21F/27F,30.3,學勤路,238,1398,"['明星學區', '有陽台']",樹林區,https://sale.591.com.tw/home/house/detail/2/9250610.html,0,,2,9,住宅,電梯大樓,新北市,9,,,0,0,https://hp2.591.com.tw/house/active/2021/04/17/161863135352590307_208x156.crop.jpg,仲介洪婕睿,3,1618632486,12年,46.15萬/坪,"1,398",0,0,1458,1,4.1,0,0,0,0,,,0,0,0,0,165344,https://market.591.com.tw/29843
6小時內,0,北大極,41.15,0,北大極稀有釋出黃金地段發發發,1,2房2廳1衛,8F/13F,39.56,大學路,122,1628,['含車位'],三峽區,https://sale.591.com.tw/home/house/detail/2/9349060.html,0,,2,9,住宅,電梯大樓,新北市,1,,,0,0,https://hp1.591.com.tw/house/active/2021/05/06/162030200281997301_208x156.crop.jpg,仲介陳先生,3,1620302230,1個月,41.15萬/坪,"1,628",0,0,,0,,0,0,0,0,,,0,0,0,0,2293632,
6小時內,0,北大極,37.07,15.32,預售@三峽北大二房二衛平車@小巢團隊婉玲,1,2房2廳2衛,6F/13F,36.58,大學路,220,1356,"['明星學區', '含車位', '有陽台']",三峽區,https://sale.591.com.tw/home/house/detail/2/9308411.html,0,,2,9,住宅,電梯大樓,新北市,1,,,0,0,https://hp2.591.com.tw/house/active/2021/04/28/161961012878711601_208x156.crop.jpg,仲介黃婉玲,3,1619610144,1個月,37.07萬/坪,"1,356",0,0,,0,,0,0,0,0,,,0,0,0,0,1108317,
7小時內,0,北大極,41.16,0,最繁華的商圈中心點,1,2房2廳1衛,8F/13F,39.55,大學路,73,1628,['含車位'],三峽區,https://sale.591.com.tw/home/house/detail/2/9355372.html,0,,2,9,住宅,電梯大樓,新北市,5,,,0,0,https://hp1.591.com.tw/house/active/2021/05/07/162038729286646007_208x156.crop.jpg,仲介駱小姐,3,1620387341,不詳,41.16萬/坪,"1,628",0,0,,0,,0,0,0,0,,,0,0,0,0,1158439,
7小時內,0,北大極,50,0,輕鬆買房找小丁/北大極大學景觀/預售釋出,1,2房2廳2衛,3F/13F,39.5,大學路,116,1568,"['含車位', '有陽台']",三峽區,https://sale.591.com.tw/home/house/detail/2/9310226.html,0,,2,9,住宅,電梯大樓,新北市,4,,,0,0,https://hp1.591.com.tw/house/active/2021/04/29/161966722287155907_208x156.crop.jpg,仲介丁全豐,3,1619667290,不詳,50萬/坪,"1,568",0,0,,0,,0,0,0,0,,,0,0,0,0,546917,
7小時內,0,北大極,41.15,16.35,➽➽➽➽➽➽北大極景觀兩房車(預售,1,2房2廳2衛,8F/13F,39.56,大學路,38,1628,"['含車位', '有陽台']",三峽區,https://sale.591.com.tw/home/house/detail/2/9380866.html,0,,2,9,住宅,電梯大樓,新北市,1,,,0,0,https://hp2.591.com.tw/house/active/2021/05/12/162081716898015708_208x156.crop.jpg,仲介陳小姐,3,1620817241,1個月,41.15萬/坪,"1,628",0,0,,0,,0,0,0,0,,,0,0,0,0,2542247,
7小時內,14,上北大,37.56,26.71,⚡景觀三房⚡上北大優質三房【看屋找小廖,1,3房2廳2衛,9F/14F,50.05,大觀路,33,1880,"['含車位', '有陽台']",三峽區,https://sale.591.com.tw/home/house/detail/2/9387309.html,1,,2,9,住宅,電梯大樓,新北市,15,,,0,0,https://hp1.591.com.tw/house/active/2021/05/14/162096083890501906_208x156.crop.jpg,仲介廖先生,3,1620961054,14年,37.56萬/坪,"1,880",0,0,,0,,0,0,0,0,,,0,0,0,0,3104701,https://market.591.com.tw/28416
7小時內,12,萬寶隆,36.82,27.17,萬寶隆梅街景觀前後陽台3房,0,3房2廳2衛,4F/18F,43.4,大義路,54,1598,[],三峽區,https://sale.591.com.tw/home/house/detail/2/9375707.html,0,,2,9,住宅,電梯大樓,新北市,12,,,0,0,https://hp2.591.com.tw/house/active/2021/05/11/162073065293637701_208x156.crop.jpg,仲介溫先生,3,1620730713,12年,36.82萬/坪,"1,598",0,0,,0,,0,0,0,0,,,0,0,0,0,2905163,https://market.591.com.tw/23716
7小時內,12,萬寶隆,36.82,27.17,萬寶隆低總價三房⭐️福星⭐️小巢希望團隊,0,3房2廳2衛,4F/18F,43.4,大義路,37,1598,['有陽台'],三峽區,https://sale.591.com.tw/home/house/detail/2/9377484.html,0,,2,9,住宅,電梯大樓,新北市,13,,,0,0,https://hp1.591.com.tw/house/active/2021/05/12/162078699366236706_208x156.crop.jpg,仲介鄭小姐,3,1620788262,12年,36.82萬/坪,"1,598",0,0,,0,,0,0,0,0,,,0,0,0,0,3220267,https://market.591.com.tw/23716
8小時內,12,萬寶隆,36.82,27.17,永慶宥彤🌸萬寶隆三房🌸前後陽台採光佳,0,3房2廳2衛,4F/18F,43.4,大義路,151,1598,['有陽台'],三峽區,https://sale.591.com.tw/home/house/detail/2/9354866.html,0,,2,9,住宅,電梯大樓,新北市,10,,,0,0,https://hp1.591.com.tw/house/active/2021/05/12/162078717092645609_208x156.crop.jpg,仲介林宥彤,3,1620383322,12年,36.82萬/坪,"1,598",0,0,,0,,0,0,0,0,,,0,0,0,0,78657,https://market.591.com.tw/23716
8小時內,0,北大極,43.28,16.35,➽➽➽➽➽➽北大極景觀兩房車(預售,1,2房2廳2衛,10F/13F,39.56,大學路,37,1712,"['含車位', '有陽台']",三峽區,https://sale.591.com.tw/home/house/detail/2/9380660.html,0,,2,9,住宅,電梯大樓,新北市,1,,,0,0,https://hp2.591.com.tw/house/active/2021/05/12/162081492687470103_208x156.crop.jpg,仲介陳小姐,3,1620814980,1個月,43.28萬/坪,"1,712",0,0,,0,,0,0,0,0,,,0,0,0,0,2542247,
8小時內,10,北美館樂活郡上善若水紫京城哈佛風呂,38.38,22.34,北美館挑高大空間庭院一樓+平車-永慶少強,1,3房2廳2衛,1F/15F,41.63,學勤路,249,1598,[],樹林區,https://sale.591.com.tw/home/house/detail/2/9279128.html,0,,2,9,住宅,電梯大樓,新北市,16,,,0,0,https://hp2.591.com.tw/house/active/2020/08/18/159773277205581900_208x156.crop.jpg,仲介劉先生,3,1619115720,10年,38.38萬/坪,"1,598",0,0,,0,,0,0,0,0,,,0,0,0,0,1692664,
8小時內,12,萬寶隆,36.82,27.17,🔷萬寶隆梅街景觀前後陽台三❤️台慶家茵,0,3房2廳2衛,4F/18F,43.4,大義路,22,1598,[],三峽區,https://sale.591.com.tw/home/house/detail/2/9377072.html,0,,2,9,住宅,電梯大樓,新北市,13,,,0,0,https://hp1.591.com.tw/house/active/2021/05/12/162078527243397401_208x156.crop.jpg,仲介孫小姐,3,1620785372,12年,36.82萬/坪,"1,598",0,0,,0,,0,0,0,0,,,0,0,0,0,2821864,https://market.591.com.tw/23716
8小時內,4,將捷MIT,51.8,16.5,將捷高樓美裝1+1房☆小巢希望團隊大耳朵,1,2房2廳1衛,14F/14F,38.69,大學路,77,1630,"['含車位', '有陽台', '重劃區']",三峽區,https://sale.591.com.tw/home/house/detail/2/9363645.html,0,,2,9,住宅,電梯大樓,新北市,9,,,0,0,https://hp2.591.com.tw/house/active/2021/05/09/162055343149454409_208x156.crop.jpg,仲介秦先生,3,1620553444,4年,51.8萬/坪,"1,630",0,0,,0,,0,0,0,0,,,0,0,0,0,709118,https://market.591.com.tw/36833
8小時內,13,萬寶隆,36.82,27.17,萬寶隆梅街景觀前後陽台三房,0,3房2廳2衛,4F/18F,43.4,大義路,51,1598,['有陽台'],三峽區,https://sale.591.com.tw/home/house/detail/2/9375185.html,0,,2,9,住宅,電梯大樓,新北市,1,,,0,0,https://hp1.591.com.tw/house/active/2021/05/11/162072609263655105_208x156.crop.jpg,仲介張兩漢,3,1620726122,13年,36.82萬/坪,"1,598",0,0,,0,,0,0,0,0,,,0,0,0,0,991414,https://market.591.com.tw/23716
8小時內,14,遠雄大學風呂,50.42,0,風呂美裝二房車*小巢希望團隊*,1,2房2廳1衛,17F/19F,37.55,學勤路,68,1463,[],樹林區,https://sale.591.com.tw/home/house/detail/2/9344254.html,0,,2,9,住宅,電梯大樓,新北市,12,,,0,0,https://hp2.591.com.tw/house/active/2021/03/03/161475602131293609_208x156.crop.jpg,仲介值班人員,3,1620265162,14年,50.42萬/坪,"1,463",0,0,,0,,0,0,0,0,,,0,0,0,0,2084564,https://market.591.com.tw/29828
8小時內,0,北大極,43.28,0,北大極-A1棟2房(預售),1,2房2廳1衛,10F/13F,39.56,大學路,66,1712,['含車位'],三峽區,https://sale.591.com.tw/home/house/detail/2/9363619.html,0,,2,9,住宅,電梯大樓,新北市,2,,,0,0,https://hp2.591.com.tw/house/active/2021/05/09/162055308033836207_208x156.crop.jpg,仲介黃先生,3,1620553088,不詳,43.28萬/坪,"1,712",0,0,,0,,0,0,0,0,,,0,0,0,0,3159260,
9小時內,0,北大極,41.15,0,北大極-A1棟2房(預售),1,2房2廳1衛,8F/13F,39.56,大學路,57,1628,['含車位'],三峽區,https://sale.591.com.tw/home/house/detail/2/9363603.html,0,,2,9,住宅,電梯大樓,新北市,2,,,0,0,https://hp2.591.com.tw/house/active/2021/05/09/162055287563214702_208x156.crop.jpg,仲介黃先生,3,1620552907,不詳,41.15萬/坪,"1,628",0,0,,0,,0,0,0,0,,,0,0,0,0,3159260,
9小時內,12,遠雄大學哈佛,48.13,18.92,哈佛好屋況稀有美景二房-永慶梁芳源,0,2房1廳1衛,21F/27F,30.29,學勤路,162,1458,['有陽台'],樹林區,https://sale.591.com.tw/home/house/detail/2/9261388.html,0,,2,9,住宅,電梯大樓,新北市,9,,,0,0,https://hp2.591.com.tw/house/active/2021/04/21/161899260099617908_208x156.crop.jpg,仲介梁芳源,3,1618824853,12年,48.13萬/坪,"1,458",0,0,,0,,0,0,0,0,,,0,0,0,0,201407,https://market.591.com.tw/29843
10小時內,5,榮耀聖城大學耶魯將捷MIT,31.43,0,獨家銷售~大學路上兩房平車(北大房產姐弟,1,2房2廳1衛,6F/14F,37.16,大學路,138,1168,[],三峽區,https://sale.591.com.tw/home/house/detail/2/9361319.html,0,,2,9,住宅,電梯大樓,新北市,5,,,0,0,https://hp1.591.com.tw/house/active/2021/03/07/161508348548613208_208x156.crop.jpg,仲介黃小姐,3,1620523082,5年,31.43萬/坪,"1,168",0,0,,0,,0,0,0,0,,,0,0,0,0,670513,
10小時內,15,愛在歐洲遠雄大學風呂耶魯竹城金澤,33.93,0,北大兩房平移車位(北大特區房產姐弟),1,2房2廳1衛,10F/15F,32.36,大成路,398,1098,"['含車位', '有陽台']",樹林區,https://sale.591.com.tw/home/house/detail/2/9249911.html,0,,2,9,住宅,電梯大樓,新北市,3,,,0,0,https://hp1.591.com.tw/house/active/2021/04/17/161862408239292002_208x156.crop.jpg,仲介黃小姐,3,1618624122,15年,33.93萬/坪,"1,098",0,0,,0,,0,0,0,0,,,0,0,0,0,670513,
12小時內,15,達人生活,39.98,24.77,精品達人3房+車位-太平洋林世隆,1,3房2廳2衛,13F/15F,40.97,大觀路,24,1638,"['含車位', '有陽台', '低公設']",三峽區,https://sale.591.com.tw/home/house/detail/2/9387937.html,1,,2,9,住宅,電梯大樓,新北市,1,,,0,0,https://hp1.591.com.tw/house/active/2021/05/14/162096453444916803_208x156.crop.png,仲介林先生,3,1620964550,15年,39.98萬/坪,"1,638",0,0,,0,,0,0,0,0,,,0,0,0,0,405173,https://market.591.com.tw/36812
12小時內,0,北大極,51.97,16.35,☀️北大極8樓☀️兩房兩廳雙衛浴-A1,1,2房2廳2衛,8F/13F,39.56,大學路,53,1628,"['含車位', '有陽台']",三峽區,https://sale.591.com.tw/home/house/detail/2/9368219.html,0,,2,9,住宅,電梯大樓,新北市,3,,,0,0,https://hp2.591.com.tw/house/active/2021/05/10/162063349269526801_208x156.crop.jpg,仲介阿海,3,1620633346,1個月,51.97萬/坪,"1,628",0,0,,0,,0,0,0,0,,,0,0,0,0,1729485,
12小時內,11,遠雄耶魯,35.86,18.75,☼北大耶魯溫馨兩房+平車*永慶李瑩萱*,1,2房2廳1衛,10F/25F,41.5,學勤路,213,1488,"['含車位', '有陽台', '重劃區']",樹林區,https://sale.591.com.tw/home/house/detail/2/9254386.html,0,,2,9,住宅,電梯大樓,新北市,10,,,0,0,https://hp2.591.com.tw/house/active/2021/04/18/161871500584896408_208x156.crop.jpg,仲介李瑩萱,3,1618715069,11年,35.86萬/坪,"1,488",0,0,,0,,0,0,0,0,,,0,0,0,0,2709038,https://market.591.com.tw/23737
13小時內,12,萬寶隆,36.82,27.17,萬寶隆梅街景觀三房三峽北大有前後陽台,0,3房2廳2衛,4F/18F,43.4,大義路,55,1598,"['明星學區', '有陽台', '重劃區']",三峽區,https://sale.591.com.tw/home/house/detail/2/9382721.html,0,,2,9,住宅,電梯大樓,新北市,16,,,0,0,https://hp2.591.com.tw/house/active/2021/05/13/162087555856967100_208x156.crop.jpg,仲介小柏,3,1620875796,12年,36.82萬/坪,"1,598",0,0,,0,,0,0,0,0,,,0,0,0,0,2709038,https://market.591.com.tw/23716
13小時內,12,萬寶隆,42.91,0,~萬寶隆~專約北大中心美裝2房全國謝昌儒,0,2房2廳1衛,4F/18F,27.92,大義路,992,1198,[],三峽區,https://sale.591.com.tw/home/house/detail/2/9206759.html,0,,2,9,住宅,電梯大樓,新北市,15,,,0,0,https://hp1.591.com.tw/house/active/2021/02/26/161434415757899108_208x156.crop.jpg,仲介謝昌儒,3,1617880760,12年,42.91萬/坪,"1,198",0,0,,0,,0,0,0,0,,,0,0,0,0,735700,https://market.591.com.tw/23716
14小時內,0,北大極,50.18,16.35,✻北大極✻校園美景兩房車✻永慶王楷霖,1,2房2廳2衛,3F/13F,39.56,大學路,173,1568,"['明星學區', '含車位', '有陽台']",三峽區,https://sale.591.com.tw/home/house/detail/2/9297410.html,0,,2,9,住宅,電梯大樓,新北市,3,,,0,0,https://hp2.591.com.tw/house/active/2021/04/27/161949647043982600_208x156.crop.jpg,仲介王先生,3,1619432968,不詳,50.18萬/坪,"1,568",0,0,,0,,0,0,0,0,,,0,0,0,0,722833,
14小時內,15,達人生活,41.55,24.78,達人生活館三房*小巢希望團隊*宏奇,1,3房2廳2衛,13F/15F,40.97,大觀路,483,1638,[],三峽區,https://sale.591.com.tw/home/house/detail/2/9088153.html,0,,2,9,住宅,電梯大樓,新北市,10,,,0,0,https://hp1.591.com.tw/house/active/2021/01/15/161070243642246108_208x156.crop.jpg,仲介孫先生,3,1615893852,15年,41.55萬/坪,"1,638",0,0,,0,,0,0,0,0,,,0,0,0,0,1724187,https://market.591.com.tw/36812
14小時內,14,遠雄大學風呂,38.97,16.44,風呂美裝二房車*小巢希望團隊*宏奇,1,2房2廳1衛,17F/19F,37.55,學勤路,78,1463,[],樹林區,https://sale.591.com.tw/home/house/detail/2/9336983.html,0,,2,9,住宅,電梯大樓,新北市,14,,,0,0,https://hp2.591.com.tw/house/active/2021/03/04/161485411683126303_208x156.crop.jpg,仲介孫先生,3,1620120960,14年,38.97萬/坪,"1,463",0,0,,0,,0,0,0,0,,,0,0,0,0,1724187,https://market.591.com.tw/29828
14小時內,12,遠雄大學哈佛,46.15,18.92,哈佛景觀二房*小巢希望團隊*宏奇,0,2房2廳1衛,21F/27F,30.29,學勤路,151,1398,['有陽台'],樹林區,https://sale.591.com.tw/home/house/detail/2/9312668.html,0,,2,9,住宅,電梯大樓,新北市,9,,,0,0,https://hp1.591.com.tw/house/active/2021/04/29/161968885254717702_208x156.crop.jpg,仲介孫先生,3,1619688994,12年,46.15萬/坪,"1,398",0,0,,0,,0,0,0,0,,,0,0,0,0,1724187,https://market.591.com.tw/29843
15小時內,8,北大愛悅,35.73,21.47,專約愛悅溫馨三改二房*小巢希望團隊*宏奇,1,2房2廳2衛,2F/13F,42.3,大德路,77,1498,[],三峽區,https://sale.591.com.tw/home/house/detail/2/9351393.html,0,,2,9,住宅,電梯大樓,新北市,13,,,0,0,https://hp2.591.com.tw/house/active/2020/08/25/159835466583934003_208x156.crop.jpg,仲介孫先生,3,1620361884,8年,35.73萬/坪,"1,498",0,0,,0,,0,0,0,0,,,0,0,0,0,1724187,https://market.591.com.tw/10174
15小時內,0,北大極,48.39,15.32,(預售)北大極二房車*小巢希望團隊*宏奇,1,2房2廳1衛,6F/13F,36,大學路,214,1356,['含車位'],三峽區,https://sale.591.com.tw/home/house/detail/2/9312923.html,0,,2,9,住宅,電梯大樓,新北市,2,,,0,0,https://hp2.591.com.tw/house/active/2021/04/29/161969137800338109_208x156.crop.jpg,仲介孫先生,3,1619691391,不詳,48.39萬/坪,"1,356",0,0,,0,,0,0,0,0,,,0,0,0,0,1724187,
15小時內,0,北大極,48.39,15.32,(預售)北大極二房車*小巢希望團隊*宏奇,1,2房2廳1衛,6F/13F,36,大學路,214,1356,['含車位'],三峽區,https://sale.591.com.tw/home/house/detail/2/9312923.html,0,,2,9,住宅,電梯大樓,新北市,2,,,0,0,https://hp2.591.com.tw/house/active/2021/04/29/161969137800338109_208x156.crop.jpg,仲介孫先生,3,1619691391,不詳,48.39萬/坪,"1,356",0,0,,0,,0,0,0,0,,,0,0,0,0,1724187,
15小時內,11,遠雄耶魯,35.86,0,北大💗大學耶魯兩房+車位💗有巢大學,1,2房2廳1衛,10F/25F,41.49,學勤路,295,1488,['含車位'],三峽區,https://sale.591.com.tw/home/house/detail/2/9249277.html,0,,2,9,住宅,電梯大樓,新北市,8,,,0,0,https://hp2.591.com.tw/house/active/2021/04/16/161857950512264707_208x156.crop.jpg,仲介值班人員,3,1618579570,11年,35.86萬/坪,"1,488",0,0,,0,,0,0,0,0,,,0,0,0,0,546917,https://market.591.com.tw/23737
15小時內,12,遠雄大學哈佛,48.13,0,哈佛學勤美景二房*小巢希望團隊東達,0,2房2廳1衛,21F/27F,30.29,學勤路,189,1458,['有陽台'],樹林區,https://sale.591.com.tw/home/house/detail/2/9291657.html,0,,2,9,住宅,電梯大樓,新北市,9,,,0,0,https://hp1.591.com.tw/house/active/2021/04/25/161934008163045303_208x156.crop.jpg,仲介李東達,3,1619340259,12年,48.13萬/坪,"1,458",0,0,,0,,0,0,0,0,,,0,0,0,0,457646,https://market.591.com.tw/29843
16小時內,14,遠雄大學風呂,38.97,0,大學風呂美裝潢二房*小巢希望團隊*東達,1,2房2廳1衛,17F/19F,37.55,學勤路,95,1463,[],樹林區,https://sale.591.com.tw/home/house/detail/2/9326774.html,0,,2,9,住宅,電梯大樓,新北市,10,,,0,0,https://hp2.591.com.tw/house/active/2021/03/03/161475493410093601_208x156.crop.jpg,仲介李東達,3,1619950672,14年,38.97萬/坪,"1,463",0,0,,0,,0,0,0,0,,,0,0,0,0,457646,https://market.591.com.tw/29828
18小時內,14,遠雄大學風呂,38.97,0,~遠雄風呂~學勤路溫馨裝潢2房全國謝昌儒,1,2房2廳1衛,17F/19F,37.55,學勤路,44,1463,[],樹林區,https://sale.591.com.tw/home/house/detail/2/9370539.html,0,,2,9,住宅,電梯大樓,新北市,15,,,0,0,https://hp2.591.com.tw/house/active/2021/03/11/161545033788787108_208x156.crop.jpg,仲介謝昌儒,3,1620651107,14年,38.97萬/坪,"1,463",0,0,,0,,0,0,0,1,,,0,0,0,0,735700,https://market.591.com.tw/29828
20小時內,14,遠雄大學風呂,36.16,27.88,風呂中庭美三房@太平洋學勤店@游毅宏,1,3房2廳2衛,5F/19F,52.21,學勤路,181,1888,"['含車位', '有陽台']",樹林區,https://sale.591.com.tw/home/house/detail/2/9242536.html,0,,2,9,住宅,電梯大樓,新北市,15,,,0,0,https://hp1.591.com.tw/house/active/2021/04/15/161848331602697505_208x156.crop.jpg,仲介游先生,3,1618482756,14年,36.16萬/坪,"1,888",0,0,,0,,0,0,0,0,,,0,0,0,0,2112756,https://market.591.com.tw/29828
20小時內,3,將捷MIT,52.88,16.5,永慶宥彤🌸專約★將捷鼎峰1+1歡迎看屋,1,2房2廳1衛,14F/14F,38.69,大學路,83,1630,"['明星學區', '含車位', '有陽台']",三峽區,https://sale.591.com.tw/home/house/detail/2/9362053.html,0,,2,9,住宅,電梯大樓,新北市,9,,,0,0,https://hp2.591.com.tw/house/active/2021/05/09/162053239198364104_208x156.crop.jpg,仲介林宥彤,3,1620532409,3年,52.88萬/坪,"1,630",0,0,,0,,0,0,0,0,,,0,0,0,0,78657,https://market.591.com.tw/36833
20小時內,12,春城大砌,31.1,0,★三峽鄭姐★春城大砌樹海美三房,1,3房2廳2衛,4F/19F,54.02,大義路,355,1680,"['含車位', '有陽台']",樹林區,https://sale.591.com.tw/home/house/detail/2/9087485.html,0,,2,9,住宅,電梯大樓,新北市,15,,,0,0,https://hp1.591.com.tw/house/active/2021/03/16/161588816516691101_208x156.crop.jpg,仲介鄭小姐,3,1615888222,12年,31.1萬/坪,"1,680",0,0,,0,,0,0,0,0,,,0,0,0,0,31239,https://market.591.com.tw/27312
21小時內,15,遠雄大學風呂,38.97,16.44,遠雄風呂~稀有高樓層二房~呂先生,1,2房2廳1衛,17F/19F,37.54,學勤路,189,1463,"['明星學區', '含車位']",樹林區,https://sale.591.com.tw/home/house/detail/2/9248453.html,0,,2,9,住宅,電梯大樓,新北市,9,,,0,0,https://hp2.591.com.tw/house/active/2021/04/16/161857168353583008_208x156.crop.jpg,仲介呂先生,3,1618571743,15年,38.97萬/坪,"1,463",0,0,,0,,0,0,0,0,,,0,0,0,0,737973,https://market.591.com.tw/29828
21小時內,0,北大極,39.64,16.35,預售大學校園景觀二房車雙衛浴開窗前後陽台,1,2房2廳2衛,3F/13F,39.56,大學路,133,1568,"['含車位', '有陽台']",三峽區,https://sale.591.com.tw/home/house/detail/2/9320313.html,0,,2,9,住宅,電梯大樓,新北市,4,,,0,0,https://hp2.591.com.tw/house/active/2021/05/01/161983933284845104_208x156.crop.jpg,仲介陳小姐,3,1619839407,1個月,39.64萬/坪,"1,568",0,0,,0,,0,0,0,0,,,0,0,0,0,723051,
23小時內,12,遠雄大學哈佛,46.15,18.92,專約@三峽北大二房平車@小巢團隊婉玲,0,2房2廳1衛,12F/27F,30.29,學勤路,258,1398,"['明星學區', '有陽台', '重劃區']",樹林區,https://sale.591.com.tw/home/house/detail/2/9253086.html,0,,2,9,住宅,電梯大樓,新北市,8,,,0,0,https://hp2.591.com.tw/house/active/2021/04/17/161865895110762705_208x156.crop.jpg,仲介黃婉玲,3,1618659050,12年,46.15萬/坪,"1,398",0,0,,0,,0,0,0,0,,,0,0,0,0,1108317,https://market.591.com.tw/29843
23小時內,12,萬寶隆,36.82,27.17,北大中心點三房@前後陽台@小巢團隊婉玲,0,3房2廳2衛,4F/18F,43.4,大義路,55,1598,"['明星學區', '有陽台', '重劃區']",三峽區,https://sale.591.com.tw/home/house/detail/2/9376325.html,0,,2,9,住宅,電梯大樓,新北市,10,,,0,0,https://hp2.591.com.tw/house/active/2021/05/11/162073916590797108_208x156.crop.jpg,仲介黃婉玲,3,1620739285,12年,36.82萬/坪,"1,598",0,0,,0,,0,0,0,0,,,0,0,0,0,1108317,https://market.591.com.tw/23716
23小時內,11,遠雄耶魯,43.51,0,🏠輕鬆買房找小丁🏠遠雄耶魯好房達人,1,2房2廳1衛,10F/25F,41.4,學勤路,704,1488,"['明星學區', '含車位', '有陽台']",三峽區,https://sale.591.com.tw/home/house/detail/2/9096021.html,0,,2,9,住宅,電梯大樓,新北市,13,,,0,0,https://hp2.591.com.tw/house/active/2021/03/18/161603916356146603_208x156.crop.jpg,仲介丁全豐,3,1616039310,11年,43.51萬/坪,"1,488",0,0,,0,,0,0,0,0,,,0,0,0,0,546917,https://market.591.com.tw/23737
2天前,14,遠雄大學風呂,47.53,17.1,獨家🍎風呂稀有高樓邊間二房🍎太平洋,0,2房2廳1衛,14F/19F,27.31,學勤路,348,1298,"['明星學區', '有陽台']",樹林區,https://sale.591.com.tw/home/house/detail/2/9097065.html,0,,2,9,住宅,電梯大樓,新北市,5,,,0,0,https://hp1.591.com.tw/house/active/2021/03/18/161604853041816209_208x156.crop.jpg,仲介巫先生,3,1616048637,14年,47.53萬/坪,"1,298",0,0,,0,,0,0,0,0,,,0,0,0,0,1354523,https://market.591.com.tw/29828
4天前,3,將捷MIT,42.11,16.49,將捷稀有兩房車｜週邊生活機能佳｜戶數單純,1,2房2廳1衛,11F/14F,38.66,大學路,515,1628,"['明星學區', '含車位', '有陽台']",三峽區,https://sale.591.com.tw/home/house/detail/2/9223684.html,0,,2,9,住宅,電梯大樓,新北市,8,,,0,0,https://hp1.591.com.tw/house/active/2021/04/12/161820298088801601_208x156.crop.jpg,仲介連臣均,3,1618199142,3年,42.11萬/坪,"1,628",0,0,,0,,0,0,0,0,,,0,0,0,0,10501,https://market.591.com.tw/36833
4天前,4,將捷MIT,42.11,27.78,將捷MIT高樓層景觀二房（獨家專賣）,1,2房2廳1衛,10F/14F,38.66,大學路,553,1628,"['含車位', '有陽台', '低公設']",三峽區,https://sale.591.com.tw/home/house/detail/2/9221768.html,0,,2,9,住宅,電梯大樓,新北市,4,,,0,0,https://hp2.591.com.tw/house/active/2021/04/12/161821420167438088_208x156.crop.jpg,仲介呂先生,3,1618137185,4年,42.11萬/坪,"1,628",0,0,,0,,0,0,0,0,,,0,0,0,0,9265,https://market.591.com.tw/36833
5天前,10,北大愛悅,41.46,12.39,北大特區~愛悅喜樂泉源二房~子容,1,2房1廳1衛,11F/14F,25.36,大德路,676,1080,"['含車位', '有陽台']",三峽區,https://sale.591.com.tw/home/house/detail/2/9218167.html,0,,2,9,住宅,電梯大樓,新北市,13,,,0,0,https://hp2.591.com.tw/house/active/2021/05/01/161987165436724002_208x156.crop.jpg,仲介黃小姐,3,1618055274,10年,41.46萬/坪,"1,080",0,0,,0,,0,0,0,0,,,0,0,0,0,1196637,https://market.591.com.tw/10174
6天前,4,將捷MIT,47.77,0,在家露營，豈不美哉,1,3房2廳1衛,3F/14F,47.9,大學路,333,2288,['含車位'],三峽區,https://sale.591.com.tw/home/house/detail/2/9216721.html,0,,2,9,住宅,電梯大樓,新北市,9,,,0,0,https://hp1.591.com.tw/house/active/2021/04/10/161804041260722805_208x156.crop.jpg,仲介詹先生,3,1618041894,4年,47.77萬/坪,"2,288",0,0,,0,,0,0,0,0,,,0,0,0,0,2730557,https://market.591.com.tw/36833
6天前,12,,31.47,25.44,樂活悠閒庭院原裝一樓-太平洋凱文,1,3房2廳2衛,1F/15F,47.29,學勤路,365,1488,"['含車位', '有陽台', '低公設']",三峽區,https://sale.591.com.tw/home/house/detail/2/9211310.html,0,,2,9,住宅,電梯大樓,新北市,11,,,0,0,https://hp2.591.com.tw/house/active/2021/04/11/161813431954402604_208x156.crop.jpg,仲介涂先生,3,1617957855,12年,31.47萬/坪,"1,488",0,0,,0,,0,0,0,0,,,0,0,0,0,890444,
6天前,0,融園,34.84,0,【融園】〝園〞字輩高級住宅、刻不容緩,1,2房2廳1衛,4F/19F,36.4,學勤路,568,1268,"['明星學區', '含車位']",樹林區,https://sale.591.com.tw/home/house/detail/2/9212053.html,0,,2,9,住宅,電梯大樓,新北市,3,,,0,0,https://hp1.591.com.tw/house/active/2021/04/09/161796214452427407_208x156.crop.jpg,仲介陳小姐,3,1617962156,不詳,34.84萬/坪,"1,268",0,0,,0,,0,0,0,0,,,0,0,0,0,1156276,
6天前,0,融園,34.8,0,融園兩房~稀有釋出,1,2房2廳1衛,4F/19F,36.44,學勤路,684,1268,['含車位'],樹林區,https://sale.591.com.tw/home/house/detail/2/9212285.html,0,,2,9,住宅,電梯大樓,新北市,2,,,0,0,https://hp1.591.com.tw/house/active/2021/04/09/161796372412564605_208x156.crop.jpg,仲介黃先生,3,1617963769,不詳,34.8萬/坪,"1,268",0,0,,0,,0,0,0,0,,,0,0,0,0,3159260,
12天前,12,萬寶隆,45.15,15.55,~專約~稀有時尚裝潢安靜美兩房,0,2房2廳1衛,4F/18F,24.1,大義路,1315,1088,['有陽台'],三峽區,https://sale.591.com.tw/home/house/detail/2/9105427.html,0,,2,9,住宅,電梯大樓,新北市,15,,,0,0,https://hp1.591.com.tw/house/active/2021/03/19/161614857299105607_208x156.crop.jpg,仲介林先生,3,1616148326,12年,45.15萬/坪,"1,088",0,0,,0,,0,0,0,0,,,0,0,0,0,874657,https://market.591.com.tw/23716
14天前,9,北大愛悅,37.31,20.05,北大愛悅溫馨美3房平面車位,1,3房2廳2衛,3F/13F,40.15,大德路,453,1498,"['明星學區', '含車位', '有陽台']",三峽區,https://sale.591.com.tw/home/house/detail/2/9176565.html,0,,2,9,住宅,電梯大樓,新北市,14,,,0,0,https://hp1.591.com.tw/house/active/2021/04/02/161734609286241403_208x156.crop.png,仲介蔡小姐,3,1617346139,9年,37.31萬/坪,"1,498",0,0,,0,,0,0,0,0,,,0,0,0,0,548668,https://market.591.com.tw/10174
15天前,10,北大愛悅,41.83,14.25,愛悅前後陽台！平面車位！平面車位！,1,2房2廳1衛,2F/14F,29.88,大德路,447,1250,"['含車位', '有陽台']",三峽區,https://sale.591.com.tw/home/house/detail/2/9103346.html,0,,2,9,住宅,電梯大樓,新北市,8,,,0,0,https://hp2.591.com.tw/house/active/2021/03/19/161613558587492102_208x156.crop.jpg,仲介陳金在,3,1616136074,10年,41.83萬/坪,"1,250",0,0,,0,,0,0,0,0,,,0,0,0,0,2364310,https://market.591.com.tw/10174
15天前,13,遠雄大學哈佛,32.38,19.71,專任哈佛經典二房車全國克敏,1,2房2廳1衛,6F/27F,41.01,學勤路,737,1328,[],樹林區,https://sale.591.com.tw/home/house/detail/2/9083635.html,0,,2,9,住宅,電梯大樓,新北市,13,,,0,0,https://hp2.591.com.tw/house/active/2021/01/14/161061723705272607_208x156.crop.jpg,仲介林克敏,3,1615861725,13年,32.38萬/坪,"1,328",0,0,,0,,0,0,0,0,,,0,0,0,0,144646,https://market.591.com.tw/29843
16天前,13,遠雄大學劍橋,39.08,28.8,第一名的社區,0,5房4衛,18F/19F,45.24,學勤路,454,1768,"['有陽台', '低公設', '重劃區']",三峽區,https://sale.591.com.tw/home/house/detail/2/9305842.html,0,,2,9,住宅,電梯大樓,新北市,7,,,0,0,https://hp1.591.com.tw/house/active/2021/04/30/161978703542449704_208x156.crop.jpg,屋主游太太,1,1619588623,13年,39.08萬/坪,"1,768",0,0,,0,,0,0,0,0,,,0,0,0,0,942252,https://market.591.com.tw/23698
19天前,14,遠雄大學風呂,47.53,17.1,獨家風呂稀有二房-專約🌿太平洋貢丸,0,2房2廳1衛,14F/19F,27.31,學勤路,469,1298,[],樹林區,https://sale.591.com.tw/home/house/detail/2/9149503.html,0,,2,9,住宅,電梯大樓,新北市,5,,,0,0,https://hp1.591.com.tw/house/active/2021/03/28/161690046547845205_208x156.crop.jpg,仲介龔憶卿（貢丸）,3,1616900496,14年,47.53萬/坪,"1,298",0,0,,0,,0,0,0,0,,,0,0,0,0,170007,https://market.591.com.tw/29828
23天前,15,達人生活,39.98,24.78,北大優質達人生活館三房+車位,1,3房2廳2衛,13F/15F,40.97,大觀路,456,1638,[],三峽區,https://sale.591.com.tw/home/house/detail/2/9126788.html,0,,2,9,住宅,電梯大樓,新北市,10,,,0,0,https://hp2.591.com.tw/house/active/2021/01/15/161071574669711100_208x156.crop.jpg,仲介施小姐,3,1616496414,15年,39.98萬/坪,"1,638",0,0,,0,,0,0,0,0,,,0,0,0,0,1251517,https://market.591.com.tw/36812
24天前,8,北大愛悅,37.31,0,北大愛悅溫馨三房車,1,3房2廳2衛,3F/13F,40.15,大德路,308,1498,"['含車位', '有陽台']",三峽區,https://sale.591.com.tw/home/house/detail/2/9121963.html,0,,2,9,住宅,電梯大樓,新北市,12,,,0,0,https://hp2.591.com.tw/house/active/2021/03/28/161693905998026643_208x156.crop.jpg,仲介游小姐,3,1616426694,8年,37.31萬/坪,"1,498",0,0,,0,,0,0,0,0,,,0,0,0,0,706434,https://market.591.com.tw/10174
26天前,11,春城大砌,31.1,28.07,春城大砌樹海溫馨美三房全國游子筠,1,3房2廳2衛,4F/19F,54.02,大義路,415,1680,[],樹林區,https://sale.591.com.tw/home/house/detail/2/9111869.html,0,,2,9,住宅,電梯大樓,新北市,15,,,0,0,https://hp1.591.com.tw/house/active/2020/12/25/160888317153157862_208x156.crop.jpg,仲介游小姐,3,1616250514,11年,31.1萬/坪,"1,680",0,0,,0,,0,0,0,0,,,0,0,0,0,706434,https://market.591.com.tw/27312
27天前,12,萬寶隆,34.28,17.1,有巢福展~北大萬寶隆好溫馨二房車,1,2房2廳1衛,2F/19F,38.74,大義路,407,1328,"['含車位', '有陽台']",三峽區,https://sale.591.com.tw/home/house/detail/2/9103473.html,0,,2,9,住宅,電梯大樓,新北市,16,,,0,0,https://hp2.591.com.tw/house/active/2021/03/19/161613677167530603_208x156.crop.jpg,仲介徐福展,3,1616136807,12年,34.28萬/坪,"1,328",0,0,,0,,0,0,0,0,,,0,0,0,0,379061,https://market.591.com.tw/23716
28天前,14,遠雄大學風呂,47.53,0,獨家風呂稀有二房@太平洋~小俐,0,2房2廳1衛,14F/19F,27.31,學勤路,400,1298,"['明星學區', '有陽台']",樹林區,https://sale.591.com.tw/home/house/detail/2/9099947.html,0,,2,9,住宅,電梯大樓,新北市,5,,,0,0,https://hp1.591.com.tw/house/active/2021/03/18/161606984037966606_208x156.crop.jpg,仲介徐小姐,3,1616069861,14年,47.53萬/坪,"1,298",0,0,,0,,0,0,0,0,,,0,0,0,0,2831709,https://market.591.com.tw/29828
29天前,12,萬寶隆,34.28,17.1,🌟太平洋東東🌟萬寶隆溫馨成家露臺二房,1,2房2廳1衛,2F/19F,38.74,大義路,304,1328,['含車位'],三峽區,https://sale.591.com.tw/home/house/detail/2/9097475.html,0,,2,9,住宅,電梯大樓,新北市,10,,,0,0,https://hp2.591.com.tw/house/active/2021/03/18/161605139623863606_208x156.crop.jpg,仲介沈先生,3,1616051434,12年,34.28萬/坪,"1,328",0,0,,0,,0,0,0,0,,,0,0,0,0,2244339,https://market.591.com.tw/23716
29天前,14,遠雄大學風呂,47.53,17.1,🌟太平洋東東🌟獨家風呂稀有二房,0,2房2廳1衛,14F/19F,27.31,學勤路,377,1298,[],樹林區,https://sale.591.com.tw/home/house/detail/2/9097382.html,0,,2,9,住宅,電梯大樓,新北市,5,,,0,0,https://hp2.591.com.tw/house/active/2021/03/18/161605080792545605_208x156.crop.jpg,仲介沈先生,3,1616050858,14年,47.53萬/坪,"1,298",0,0,,0,,0,0,0,0,,,0,0,0,0,2244339,https://market.591.com.tw/29828
30天前,14,遠雄大學風呂,47.53,0,獨家遠雄風呂稀有二房@太平洋黃弘林,0,2房2廳1衛,14F/19F,27.31,學勤路,375,1298,"['明星學區', '有陽台']",樹林區,https://sale.591.com.tw/home/house/detail/2/9087507.html,0,,2,9,住宅,電梯大樓,新北市,3,,,0,0,https://hp1.591.com.tw/house/active/2021/03/16/161588832665361202_208x156.crop.jpg,仲介黃先生,3,1615888371,14年,47.53萬/坪,"1,298",0,0,,0,,0,0,0,0,,,0,0,0,0,892101,https://market.591.com.tw/29828
60天前,0,融園,34.8,16.06,北大融園兩房稀有釋出,1,2房2廳1衛,4F/19F,36.44,學勤路,1095,1268,"['含車位', '有陽台']",樹林區,https://sale.591.com.tw/home/house/detail/2/9087655.html,0,,2,9,住宅,電梯大樓,新北市,1,,,0,0,https://hp1.591.com.tw/house/active/2021/03/16/161588902579755701_208x156.crop.jpg,代理人黃小姐,2,1615889361,2個月,34.8萬/坪,"1,268",0,0,,0,,0,0,0,0,,,0,0,0,0,1302105,
23天前,15,達人生活,39.98,24.78,北大優質達人生活館三房+車位,1,3房2廳2衛,13F/15F,40.97,大觀路,456,1638,[],三峽區,https://sale.591.com.tw/home/house/detail/2/9126788.html,0,,2,9,住宅,電梯大樓,新北市,10,,,0,0,https://hp2.591.com.tw/house/active/2021/01/15/161071574669711100_208x156.crop.jpg,仲介施小姐,3,1616496414,15年,39.98萬/坪,"1,638",0,0,,0,,0,0,0,0,,,0,0,0,0,1251517,https://market.591.com.tw/36812
24天前,8,北大愛悅,37.31,0,北大愛悅溫馨三房車,1,3房2廳2衛,3F/13F,40.15,大德路,308,1498,"['含車位', '有陽台']",三峽區,https://sale.591.com.tw/home/house/detail/2/9121963.html,0,,2,9,住宅,電梯大樓,新北市,12,,,0,0,https://hp2.591.com.tw/house/active/2021/03/28/161693905998026643_208x156.crop.jpg,仲介游小姐,3,1616426694,8年,37.31萬/坪,"1,498",0,0,,0,,0,0,0,0,,,0,0,0,0,706434,https://market.591.com.tw/10174
26天前,11,春城大砌,31.1,28.07,春城大砌樹海溫馨美三房全國游子筠,1,3房2廳2衛,4F/19F,54.02,大義路,415,1680,[],樹林區,https://sale.591.com.tw/home/house/detail/2/9111869.html,0,,2,9,住宅,電梯大樓,新北市,15,,,0,0,https://hp1.591.com.tw/house/active/2020/12/25/160888317153157862_208x156.crop.jpg,仲介游小姐,3,1616250514,11年,31.1萬/坪,"1,680",0,0,,0,,0,0,0,0,,,0,0,0,0,706434,https://market.591.com.tw/27312
27天前,12,萬寶隆,34.28,17.1,有巢福展~北大萬寶隆好溫馨二房車,1,2房2廳1衛,2F/19F,38.74,大義路,407,1328,"['含車位', '有陽台']",三峽區,https://sale.591.com.tw/home/house/detail/2/9103473.html,0,,2,9,住宅,電梯大樓,新北市,16,,,0,0,https://hp2.591.com.tw/house/active/2021/03/19/161613677167530603_208x156.crop.jpg,仲介徐福展,3,1616136807,12年,34.28萬/坪,"1,328",0,0,,0,,0,0,0,0,,,0,0,0,0,379061,https://market.591.com.tw/23716
28天前,14,遠雄大學風呂,47.53,0,獨家風呂稀有二房@太平洋~小俐,0,2房2廳1衛,14F/19F,27.31,學勤路,400,1298,"['明星學區', '有陽台']",樹林區,https://sale.591.com.tw/home/house/detail/2/9099947.html,0,,2,9,住宅,電梯大樓,新北市,5,,,0,0,https://hp1.591.com.tw/house/active/2021/03/18/161606984037966606_208x156.crop.jpg,仲介徐小姐,3,1616069861,14年,47.53萬/坪,"1,298",0,0,,0,,0,0,0,0,,,0,0,0,0,2831709,https://market.591.com.tw/29828
29天前,12,萬寶隆,34.28,17.1,🌟太平洋東東🌟萬寶隆溫馨成家露臺二房,1,2房2廳1衛,2F/19F,38.74,大義路,304,1328,['含車位'],三峽區,https://sale.591.com.tw/home/house/detail/2/9097475.html,0,,2,9,住宅,電梯大樓,新北市,10,,,0,0,https://hp2.591.com.tw/house/active/2021/03/18/161605139623863606_208x156.crop.jpg,仲介沈先生,3,1616051434,12年,34.28萬/坪,"1,328",0,0,,0,,0,0,0,0,,,0,0,0,0,2244339,https://market.591.com.tw/23716
29天前,14,遠雄大學風呂,47.53,17.1,🌟太平洋東東🌟獨家風呂稀有二房,0,2房2廳1衛,14F/19F,27.31,學勤路,377,1298,[],樹林區,https://sale.591.com.tw/home/house/detail/2/9097382.html,0,,2,9,住宅,電梯大樓,新北市,5,,,0,0,https://hp2.591.com.tw/house/active/2021/03/18/161605080792545605_208x156.crop.jpg,仲介沈先生,3,1616050858,14年,47.53萬/坪,"1,298",0,0,,0,,0,0,0,0,,,0,0,0,0,2244339,https://market.591.com.tw/29828
30天前,14,遠雄大學風呂,47.53,0,獨家遠雄風呂稀有二房@太平洋黃弘林,0,2房2廳1衛,14F/19F,27.31,學勤路,375,1298,"['明星學區', '有陽台']",樹林區,https://sale.591.com.tw/home/house/detail/2/9087507.html,0,,2,9,住宅,電梯大樓,新北市,3,,,0,0,https://hp1.591.com.tw/house/active/2021/03/16/161588832665361202_208x156.crop.jpg,仲介黃先生,3,1615888371,14年,47.53萬/坪,"1,298",0,0,,0,,0,0,0,0,,,0,0,0,0,892101,https://market.591.com.tw/29828
60天前,0,融園,34.8,16.06,北大融園兩房稀有釋出,1,2房2廳1衛,4F/19F,36.44,學勤路,1095,1268,"['含車位', '有陽台']",樹林區,https://sale.591.com.tw/home/house/detail/2/9087655.html,0,,2,9,住宅,電梯大樓,新北市,1,,,0,0,https://hp1.591.com.tw/house/active/2021/03/16/161588902579755701_208x156.crop.jpg,代理人黃小姐,2,1615889361,2個月,34.8萬/坪,"1,268",0,0,,0,,0,0,0,0,,,0,0,0,0,1302105,
